loss,scores,miou
0.66195107,0.7658027648925781,0.3829013824462891
